work_link,id_link
https://nhpoj.net/problem/XDHCN,https://nhpoj.net/status/9209d9f4dc75792420177b7af239019d?problem=XDHCN
https://nhpoj.net/problem/P145,https://nhpoj.net/status/b5c071b2f54f54e4685bf1aeacbc7211?problem=P145
https://nhpoj.net/problem/NCK014,https://nhpoj.net/status/eac1b19ebef227ce16d39c017a214a4c?problem=NCK014
https://nhpoj.net/problem/TRUYVAN7,https://nhpoj.net/status/1a691f4e8c12e2f391dd637cb92b3640?problem=TRUYVAN7
https://nhpoj.net/problem/NCK014,https://nhpoj.net/status/25fbcff2e96d71b2f1d18713bacf6aec?problem=NCK014
https://nhpoj.net/problem/NCK014,https://nhpoj.net/status/4ecf6489e6238ac4ae793a3a0946af39?problem=NCK014
https://nhpoj.net/problem/NCK014,https://nhpoj.net/status/94a6cb46a5b56d51ac1f92d654031201?problem=NCK014
https://nhpoj.net/problem/APIO10A,https://nhpoj.net/status/335beb14b231cbdb57d430facd680052?problem=APIO10A
https://nhpoj.net/problem/APIO10A,https://nhpoj.net/status/af5dee605a1a58bcdadf141abbffd146?problem=APIO10A
https://nhpoj.net/problem/NCK012,https://nhpoj.net/status/cd65c589b786c9b74efcc45231a597fb?problem=NCK012
https://nhpoj.net/problem/P293,https://nhpoj.net/status/bfa4285316ad671ebfcbf7e12148ddf6?problem=P293
https://nhpoj.net/problem/P236,https://nhpoj.net/status/d58925fe4ed7d91f9ee91986378e79a7?problem=P236
https://nhpoj.net/problem/P555,https://nhpoj.net/status/e0019b52a8f0570832e5919881e500ac?problem=P555
https://nhpoj.net/problem/P513,https://nhpoj.net/status/cd9dc853be652eab58f9d59e43538def?problem=P513
https://nhpoj.net/problem/P554,https://nhpoj.net/status/6891311da3afe604a2705e4a8c0d5c95?problem=P554
https://nhpoj.net/problem/P553,https://nhpoj.net/status/ce47d0c7a0723f693b045a5acd5b3a1a?problem=P553
https://nhpoj.net/problem/P552,https://nhpoj.net/status/97f3e72cbb7b412173090271f6b702a7?problem=P552
https://nhpoj.net/problem/P157,https://nhpoj.net/status/4994949d0192de06d3c8bd4dd98b9ddc?problem=P157
https://nhpoj.net/problem/NCK011,https://nhpoj.net/status/8ed4c974fe1da4931e373d25734e6f62?problem=NCK011
https://nhpoj.net/problem/NCK010,https://nhpoj.net/status/8b71835853aa1aeb79e665da537f045d?problem=NCK010
https://nhpoj.net/problem/P156,https://nhpoj.net/status/febc94357d3ca9d1105e357f34c7de72?problem=P156
https://nhpoj.net/problem/NCK009,https://nhpoj.net/status/be897a7eef4b8f7e1b21afba37110522?problem=NCK009
https://nhpoj.net/problem/APPLES,https://nhpoj.net/status/a9a6ade1d939ea533c8f653838a416c1?problem=APPLES
https://nhpoj.net/problem/P530,https://nhpoj.net/status/f605f75c4b7523285a993dc8e26b583e?problem=P530
https://nhpoj.net/problem/P534,https://nhpoj.net/status/e548307b317aa5cf4e4ec3fa86c5abe3?problem=P534
https://nhpoj.net/problem/TS1025E,https://nhpoj.net/status/d3c4b1450f8b01529fa5c3425aa21c0d?problem=TS1025E
https://nhpoj.net/problem/P550,https://nhpoj.net/status/364f164418d1a771daaa945bba887819?problem=P550
https://nhpoj.net/problem/TS1025C,https://nhpoj.net/status/1ccb6df854fd99f96c506cfc927efee6?problem=TS1025C
https://nhpoj.net/problem/P290,https://nhpoj.net/status/f069a9df5e92aebf0352be40f07dd9e3?problem=P290
https://nhpoj.net/problem/P310,https://nhpoj.net/status/d67801ca3f8d9ded122e177fa4e0191b?problem=P310
https://nhpoj.net/problem/STR5,https://nhpoj.net/status/4a7ee04f4641b3e4a362f64860fe64c7?problem=STR5
https://nhpoj.net/problem/STR4,https://nhpoj.net/status/975e4ece1a692dd1f2d6c77e5e60105c?problem=STR4
https://nhpoj.net/problem/STR3,https://nhpoj.net/status/7df924eb79be2fe61e3f42238fb71003?problem=STR3
https://nhpoj.net/problem/STR6,https://nhpoj.net/status/a67c8c1760a069670cdef80d30d976e2?problem=STR6
https://nhpoj.net/problem/STR7,https://nhpoj.net/status/bdc6b00064a582d0e997d705a23804b2?problem=STR7
https://nhpoj.net/problem/IFEL4,https://nhpoj.net/status/1ab9146aab7b4e8a8d13e9d2e39800d9?problem=IFEL4
https://nhpoj.net/problem/P465,https://nhpoj.net/status/75cda6436cb01642cfdd6c964afc05b4?problem=P465
https://nhpoj.net/problem/P251,https://nhpoj.net/status/b79cdeda7fb443e8478ee68f5cc1bda0?problem=P251
https://nhpoj.net/problem/BS2512C,https://nhpoj.net/status/d0072f27aa1caaf5061e06a635437a62?problem=BS2512C
https://nhpoj.net/problem/BS2512B,https://nhpoj.net/status/72a4aa5073cb57aeac4187f3a59bfb6e?problem=BS2512B
https://nhpoj.net/problem/BS2512A,https://nhpoj.net/status/a20e92b6377386a647b86f851db0b17f?problem=BS2512A
https://nhpoj.net/problem/BS2512D,https://nhpoj.net/status/3e5be927b48d1f50d1f7e995604b1b67?problem=BS2512D
https://nhpoj.net/problem/LAP3,https://nhpoj.net/status/79a6f00863abf560fea73d98b5eb37c9?problem=LAP3
https://nhpoj.net/problem/INOUT2,https://nhpoj.net/status/bb3ade5e7a51d542077dce662ebdb22e?problem=INOUT2
https://nhpoj.net/problem/IFEL3,https://nhpoj.net/status/f0d78dece4bf0435c230e134aaa52bda?problem=IFEL3
https://nhpoj.net/problem/INOUT6,https://nhpoj.net/status/cff044480b69453b7b2fc79d858b0a64?problem=INOUT6
https://nhpoj.net/problem/INOUT1,https://nhpoj.net/status/80718a9562f49f5aa905e18b08951195?problem=INOUT1
https://nhpoj.net/problem/IFEL2,https://nhpoj.net/status/435cbe655d7510b5cdd54187bea49058?problem=IFEL2
https://nhpoj.net/problem/IFEL1,https://nhpoj.net/status/8dffcad8e43605de1dff6532009a4ee0?problem=IFEL1
https://nhpoj.net/problem/TRONGCAY,https://nhpoj.net/status/cba657c36df6aa30027fa6f03d17dca3?problem=TRONGCAY
https://nhpoj.net/problem/TRONGCAY,https://nhpoj.net/status/f49567bdc2bb0d32c25e8fe7128eb6af?problem=TRONGCAY
https://nhpoj.net/problem/P389,https://nhpoj.net/status/277949f2e74a637278a1aaf183554b01?problem=P389
https://nhpoj.net/problem/P235,https://nhpoj.net/status/73a8e6e40951812b40eabfa08daafaa8?problem=P235
https://nhpoj.net/problem/P143,https://nhpoj.net/status/a7716349abe11556fb1bd0365483dceb?problem=P143
https://nhpoj.net/problem/P143,https://nhpoj.net/status/76e9f4ce17605c783299ebaea84d5a77?problem=P143
https://nhpoj.net/problem/MAXFLOW,https://nhpoj.net/status/dda610a027b12a67f5084edbeb5cfb85?problem=MAXFLOW
https://nhpoj.net/problem/LTD02_02,https://nhpoj.net/status/ebc5b5a765046c319fce9285592a6413?problem=LTD02_02
https://nhpoj.net/problem/P155,https://nhpoj.net/status/faa517f38cccea33a1cb69a89c479648?problem=P155
https://nhpoj.net/problem/P342,https://nhpoj.net/status/7e172e9503a23309bdd4e93f3d8cecd7?problem=P342
https://nhpoj.net/problem/P179,https://nhpoj.net/status/a5f120d0f6a0395de43443706d78aed7?problem=P179
https://nhpoj.net/problem/P179,https://nhpoj.net/status/1fc62e5a8c409e3cbb77c95b7e1533f3?problem=P179
https://nhpoj.net/problem/P234,https://nhpoj.net/status/701a564329ef8f0922e6a596cc305b9f?problem=P234
https://nhpoj.net/problem/P544,https://nhpoj.net/status/887e6dc60fa99fec154130d4ac53e8c0?problem=P544
https://nhpoj.net/problem/P551,https://nhpoj.net/status/4eda61bffaf22cfd4f4598d7a4eca487?problem=P551
https://nhpoj.net/problem/P234,https://nhpoj.net/status/71af1a7708aa77fe9ffe05e5fa90d6d2?problem=P234
https://nhpoj.net/problem/P551,https://nhpoj.net/status/384fedd543b3262d04842922ea845c27?problem=P551
https://nhpoj.net/problem/P234,https://nhpoj.net/status/9835cbd1748058578b9962b4f608bc82?problem=P234
https://nhpoj.net/problem/P545,https://nhpoj.net/status/309240f1711244335fa125ae7d50b46c?problem=P545
https://nhpoj.net/problem/P549,https://nhpoj.net/status/bf91f79e39f96c554a9ddaa99c4302f2?problem=P549
https://nhpoj.net/problem/P547,https://nhpoj.net/status/44a473c7589a98425dc0991a579774e3?problem=P547
https://nhpoj.net/problem/P348,https://nhpoj.net/status/f95d32e502abc8f0679b685fdd340758?problem=P348
https://nhpoj.net/problem/P546,https://nhpoj.net/status/55e0cb895b727dcf0553b09140b38943?problem=P546
https://nhpoj.net/problem/NCK005,https://nhpoj.net/status/8a8edfa5f748f19e119a42771c8f9b83?problem=NCK005
https://nhpoj.net/problem/NCK006,https://nhpoj.net/status/5a2d0784a2b603067222e4f9e6e82d3e?problem=NCK006
https://nhpoj.net/problem/NCK004,https://nhpoj.net/status/8f0458483e33b86c012782d4bb082ba0?problem=NCK004
https://nhpoj.net/problem/NCK003,https://nhpoj.net/status/30dd42b1193a0f84de33cf6e38930e2b?problem=NCK003
https://nhpoj.net/problem/NCK001,https://nhpoj.net/status/d17d995b131a293e0660bcef3a43d244?problem=NCK001
https://nhpoj.net/problem/P543,https://nhpoj.net/status/81c16cd7a24ad92901cf53132eb55aa7?problem=P543
https://nhpoj.net/problem/P542,https://nhpoj.net/status/a8fda78236cd93ca0bd14927d9399d65?problem=P542
https://nhpoj.net/problem/SMRC25_04,https://nhpoj.net/status/42b1381718e739d40d83c0861a799669?problem=SMRC25_04
https://nhpoj.net/problem/THPN25A,https://nhpoj.net/status/a95bf5556e1a238671ae19de61894a67?problem=THPN25A
https://nhpoj.net/problem/THPN25B,https://nhpoj.net/status/a73095b5affc5de7bebe2a2a780a42ee?problem=THPN25B
https://nhpoj.net/problem/THPN25B,https://nhpoj.net/status/b956fa38272d84995040b1beb9119b18?problem=THPN25B
https://nhpoj.net/problem/P030,https://nhpoj.net/status/63afb16b52ae389566f1c59266f1b348?problem=P030
https://nhpoj.net/problem/P032,https://nhpoj.net/status/6b208fbd7c19c54cb63652ab77ab1932?problem=P032
https://nhpoj.net/problem/P042,https://nhpoj.net/status/9c49ac9d8f2ca97ea28a7eea84bfdcd5?problem=P042
https://nhpoj.net/problem/P541,https://nhpoj.net/status/6b199bc6614eeb8dfec82937eb2a5c1d?problem=P541
https://nhpoj.net/problem/P540,https://nhpoj.net/status/38bee8aea6731ab1a07992df8e975fb4?problem=P540
https://nhpoj.net/problem/P540,https://nhpoj.net/status/f5dc238aa39a717df9dca3d62b36fb9e?problem=P540
https://nhpoj.net/problem/P539,https://nhpoj.net/status/49e289373594d7e29771ea7bbc21c9d6?problem=P539
https://nhpoj.net/problem/P539,https://nhpoj.net/status/6853947958dbc8f86c18b0fa9e0ce6bc?problem=P539
https://nhpoj.net/problem/P539,https://nhpoj.net/status/62b99ce3fe5ba777cb2e1e8a9e83cd03?problem=P539
https://nhpoj.net/problem/P538,https://nhpoj.net/status/d3a760599585ce6c05f6395bb6f67dbe?problem=P538
https://nhpoj.net/problem/P538,https://nhpoj.net/status/4aa2f763f2a0666dc8d1e3a465091f08?problem=P538
https://nhpoj.net/problem/P537,https://nhpoj.net/status/52ec9b3defbed00794225b4f2fbfde56?problem=P537
https://nhpoj.net/problem/P537,https://nhpoj.net/status/a0a38bc9cf1c616894ea769a827f995d?problem=P537
https://nhpoj.net/problem/P537,https://nhpoj.net/status/bf16ce47310abc4e0a955a13382177e0?problem=P537
https://nhpoj.net/problem/P520,https://nhpoj.net/status/99514b9162e9c4493a41a8c59b01652b?problem=P520
https://nhpoj.net/problem/P520,https://nhpoj.net/status/136a9093c79bf6c0ef48ad211756cd6c?problem=P520
https://nhpoj.net/problem/P517,https://nhpoj.net/status/37c15f6f6d9afeed2a82bb9496e9a134?problem=P517
https://nhpoj.net/problem/P524,https://nhpoj.net/status/88d3c6de3302df95d5c9f77f96672584?problem=P524
https://nhpoj.net/problem/P514,https://nhpoj.net/status/4e1f808f221a0228edc4421d6f6acb7a?problem=P514
https://nhpoj.net/problem/P519,https://nhpoj.net/status/157b2ea069ff45eb6c00a0f290a5d48b?problem=P519
https://nhpoj.net/problem/P519,https://nhpoj.net/status/d78071c952f2c521d8bdd1b2f316ff99?problem=P519
https://nhpoj.net/problem/P518,https://nhpoj.net/status/897d137de74b210e46b4a4050eda0a89?problem=P518
https://nhpoj.net/problem/P536,https://nhpoj.net/status/cf2a7ac9deddd320dfe103ec853522d6?problem=P536
https://nhpoj.net/problem/P535,https://nhpoj.net/status/7d68d5cdac3f8823ccfe8bbd0700113a?problem=P535
https://nhpoj.net/problem/P522,https://nhpoj.net/status/ad23066ee1f2d9c6f815a3cb6b34cbb5?problem=P522
https://nhpoj.net/problem/P525,https://nhpoj.net/status/24a94ce08b8b5843eb47652809e4476c?problem=P525
https://nhpoj.net/problem/P525,https://nhpoj.net/status/8b16d771dbcd48dcaaad4b9d71cc0b1e?problem=P525
https://nhpoj.net/problem/P516,https://nhpoj.net/status/af7dc9fd69132b7544ad032e179c217a?problem=P516
https://nhpoj.net/problem/P515,https://nhpoj.net/status/ba233c6d8572e42695ee0d8c7aced2e7?problem=P515
https://nhpoj.net/problem/P523,https://nhpoj.net/status/fdb2e3530163fc5922c9267a9f223751?problem=P523
https://nhpoj.net/problem/P512,https://nhpoj.net/status/46ff67694994e2b658112dff58e82aaa?problem=P512
https://nhpoj.net/problem/P511,https://nhpoj.net/status/1e0bf238197deff481fae277d380bda4?problem=P511
https://nhpoj.net/problem/P510,https://nhpoj.net/status/ff88cd2ce835ecc6e4cd6d89000ab732?problem=P510
https://nhpoj.net/problem/LIS,https://nhpoj.net/status/fdffea9dd88b3cefd204dc1e6eefb78e?problem=LIS
https://nhpoj.net/problem/P509,https://nhpoj.net/status/bfb93d54084dbd43798cac1346749c57?problem=P509
https://nhpoj.net/problem/TS1025B,https://nhpoj.net/status/cc807875e6456e0284eb44dcbdca7888?problem=TS1025B
https://nhpoj.net/problem/TS1025A,https://nhpoj.net/status/7bf3d44bb7983212ec5cdb2a02d5dacf?problem=TS1025A
https://nhpoj.net/problem/P506,https://nhpoj.net/status/92b527c6070d6245f4fc5f626c7530a1?problem=P506
https://nhpoj.net/problem/P505,https://nhpoj.net/status/fc584a8e23fd37fc33e4e3fe0bd617e2?problem=P505
https://nhpoj.net/problem/P493,https://nhpoj.net/status/50bf86786a0a57fa656f9b1bae2c276c?problem=P493
https://nhpoj.net/problem/P528,https://nhpoj.net/status/6e077d34ca59041fd5b79c1bccfbde32?problem=P528
https://nhpoj.net/problem/P521,https://nhpoj.net/status/b3147338653e06b8d64f56b5e073a875?problem=P521
https://nhpoj.net/problem/TS1025D,https://nhpoj.net/status/65a632c29d7ca8feec84ed72cb3e5333?problem=TS1025D
https://nhpoj.net/problem/P507,https://nhpoj.net/status/b8590f366aff76aa5d9d90f08c9b791d?problem=P507
https://nhpoj.net/problem/P017,https://nhpoj.net/status/a9e440d008347ee8510fc6164113c6ac?problem=P017
https://nhpoj.net/problem/P017,https://nhpoj.net/status/3b473a4c8d5a445c5a9fd9ec1d83af25?problem=P017
https://nhpoj.net/problem/P016,https://nhpoj.net/status/6c0f90e86f9d4428f77180ed3ead5c0c?problem=P016
https://nhpoj.net/problem/P016,https://nhpoj.net/status/80882799ca1567cd53ecc2c4c340bb41?problem=P016
https://nhpoj.net/problem/P031,https://nhpoj.net/status/648c7c791cc55d42f03439d5b2f91c43?problem=P031
https://nhpoj.net/problem/P503,https://nhpoj.net/status/49d0b6289b6c6b209d296db3be0e59fb?problem=P503
https://nhpoj.net/problem/P466,https://nhpoj.net/status/252c7c7531dca7fef82408a1770f7b5d?problem=P466
https://nhpoj.net/problem/P480,https://nhpoj.net/status/ac3e4b37848b118c801c9ea0044264be?problem=P480
https://nhpoj.net/problem/P479,https://nhpoj.net/status/c991a7146b856bd7de07d512307c5b16?problem=P479
https://nhpoj.net/problem/P482,https://nhpoj.net/status/2b4a4e6993483518a9d981ba22aec346?problem=P482
https://nhpoj.net/problem/P474,https://nhpoj.net/status/3a0e82771aeb608c3186903bef3ed3b7?problem=P474
https://nhpoj.net/problem/P031,https://nhpoj.net/status/8517666ef662c0130da5b0de2e92f3a7?problem=P031
https://nhpoj.net/problem/P031,https://nhpoj.net/status/9409e3909ad569e7368e4eba5221125f?problem=P031
https://nhpoj.net/problem/P495,https://nhpoj.net/status/1f2d2d4e057ddde838e3af25d886e7f9?problem=P495
https://nhpoj.net/problem/DTTL,https://nhpoj.net/status/400f02ceb0654c0b89c2fb59c0b96286?problem=DTTL
https://nhpoj.net/problem/DTTL,https://nhpoj.net/status/7383ec408de8903fbb31a4a6374ddd12?problem=DTTL
https://nhpoj.net/problem/P490,https://nhpoj.net/status/cfa525afa284629f3c82a3cfea27f05d?problem=P490
https://nhpoj.net/problem/P498,https://nhpoj.net/status/50a1add968f0852a4cbcb02c7df49d5e?problem=P498
https://nhpoj.net/problem/P499,https://nhpoj.net/status/b18698f8630836e21d93bea1cd60cfbf?problem=P499
https://nhpoj.net/problem/P497,https://nhpoj.net/status/107f2bbcacbb4b9aaa21af86b8efdfc5?problem=P497
https://nhpoj.net/problem/P496,https://nhpoj.net/status/bb1704a58251ae05a4b9795493338067?problem=P496
https://nhpoj.net/problem/P495,https://nhpoj.net/status/1d7e79156874e5d668c7c4172a1499bc?problem=P495
https://nhpoj.net/problem/P494,https://nhpoj.net/status/8f4f7210a76e6d6c96072327c453e54f?problem=P494
https://nhpoj.net/problem/P492,https://nhpoj.net/status/907a73c9c4cfd05db1ed973b15141de5?problem=P492
https://nhpoj.net/problem/P485,https://nhpoj.net/status/682f6ea181befaa0c3474c104e5b1bd8?problem=P485
https://nhpoj.net/problem/P489,https://nhpoj.net/status/63e080052941fcb0129e304587e7c7b5?problem=P489
https://nhpoj.net/problem/P461,https://nhpoj.net/status/5bf7601ce1424b9df10ca843dcc3fac0?problem=P461
https://nhpoj.net/problem/P484,https://nhpoj.net/status/ac066c6c902ceecb24507505f9e43768?problem=P484
https://nhpoj.net/problem/P483,https://nhpoj.net/status/873abb31da4a9c5ab1e911608366c935?problem=P483
https://nhpoj.net/problem/P473,https://nhpoj.net/status/d72946de0aaacb60ac2ec97a286ba788?problem=P473
https://nhpoj.net/problem/BOOKSORT,https://nhpoj.net/status/61ece18823f845c1bc5ac381f2c0361a?problem=BOOKSORT
https://nhpoj.net/problem/P472,https://nhpoj.net/status/53dbb4ec72d0e091d926ab1ba8186387?problem=P472
https://nhpoj.net/problem/P471,https://nhpoj.net/status/ca97413f9b5ddaf42509a6bd5c8fb6b6?problem=P471
https://nhpoj.net/problem/P468,https://nhpoj.net/status/9ba1f502c490a2e9114f2d71f33420e7?problem=P468
https://nhpoj.net/problem/P464,https://nhpoj.net/status/a693fe0b8148461fc808bd960f4d12e6?problem=P464
https://nhpoj.net/problem/P463,https://nhpoj.net/status/a14b2420b9363f9c9fc8a092786705d5?problem=P463
https://nhpoj.net/problem/P467,https://nhpoj.net/status/daeb5c353685853f7639a27838d46adb?problem=P467
https://nhpoj.net/problem/P462,https://nhpoj.net/status/e6174144b77f7c56813f67e52033f7c0?problem=P462
https://nhpoj.net/problem/P074,https://nhpoj.net/status/4cd064c3d1b01e96c7b3464eacca8d55?problem=P074
https://nhpoj.net/problem/P074,https://nhpoj.net/status/d4a264f2f949fac19c353d6163ab6ae3?problem=P074
https://nhpoj.net/problem/LTD02_03,https://nhpoj.net/status/18286276d063166e702302f907e1f149?problem=LTD02_03
https://nhpoj.net/problem/LTD02_03,https://nhpoj.net/status/61e651df44166c56df871e3ed83bd1c8?problem=LTD02_03
https://nhpoj.net/problem/LTD02_03,https://nhpoj.net/status/69986d216896573140226a4e2f469040?problem=LTD02_03
https://nhpoj.net/problem/P070,https://nhpoj.net/status/f8f51b0d4ab06559b95b81b3e8b47f30?problem=P070
https://nhpoj.net/problem/CTEULER,https://nhpoj.net/status/82aa57be30138a4392478dcd05ef2254?problem=CTEULER
https://nhpoj.net/problem/P454,https://nhpoj.net/status/7fa6931f1468737de77ec7fc72715a5f?problem=P454
https://nhpoj.net/problem/P455,https://nhpoj.net/status/f483bc8a32d779deca16af8117ecf9c6?problem=P455
https://nhpoj.net/problem/P009,https://nhpoj.net/status/68fb0b1ccea0c50383a6d577ff6feb0f?problem=P009
https://nhpoj.net/problem/P009,https://nhpoj.net/status/34d6aec88b475f2356048c79863ccfbd?problem=P009
https://nhpoj.net/problem/P054,https://nhpoj.net/status/8bbb40fa3542da7d51b0f83bebc34949?problem=P054
https://nhpoj.net/problem/P063,https://nhpoj.net/status/bbe229762ab129d8b6f529073a969240?problem=P063
https://nhpoj.net/problem/P452,https://nhpoj.net/status/16499b3b55b8a5bb9ab909a528982af3?problem=P452
https://nhpoj.net/problem/NY25_C,https://nhpoj.net/status/1cc4478594718e27faeea02a85fadd2f?problem=NY25_C
https://nhpoj.net/problem/NY25_B,https://nhpoj.net/status/ccd54889d21b56557abf94ee49d3846e?problem=NY25_B
https://nhpoj.net/problem/NY25_A,https://nhpoj.net/status/7c72ccad9f440d96e6d3caa075538bae?problem=NY25_A
https://nhpoj.net/problem/NY25_A,https://nhpoj.net/status/961a1eed4abda2fe0a5952ef1a0ab06c?problem=NY25_A
https://nhpoj.net/problem/P150,https://nhpoj.net/status/78e6f530e7ceaa1da26cf2b112728a45?problem=P150
https://nhpoj.net/problem/P449,https://nhpoj.net/status/95bb4c3755de3a1221b85d6d77a187a0?problem=P449
https://nhpoj.net/problem/P448,https://nhpoj.net/status/2a469508c5ae48d316dfd67337473acd?problem=P448
https://nhpoj.net/problem/P447,https://nhpoj.net/status/f20ee4ffdb3528e8b33facc438d937c3?problem=P447
https://nhpoj.net/problem/P446,https://nhpoj.net/status/9dcfc91a7f3f69590259e2cccb52f5bf?problem=P446
https://nhpoj.net/problem/P445,https://nhpoj.net/status/2bbb874a7ca132444b1ba85502964b5a?problem=P445
https://nhpoj.net/problem/GTNN,https://nhpoj.net/status/c37b5e4d41769a74051d8b559f2a121a?problem=GTNN
https://nhpoj.net/problem/GTNN,https://nhpoj.net/status/31f503e9db964f5107ba44a16e493c84?problem=GTNN
https://nhpoj.net/problem/P173,https://nhpoj.net/status/17860085b81a3d4068e0fb302b4c96f4?problem=P173
https://nhpoj.net/problem/P444,https://nhpoj.net/status/2badb498c1dfa4dd97df0af1cb85b3db?problem=P444
https://nhpoj.net/problem/R4C,https://nhpoj.net/status/26c6a4ec89501f0a782e4cc2aa567794?problem=R4C
https://nhpoj.net/problem/P433,https://nhpoj.net/status/4aeee0c47058b3b61825fd32aa10089b?problem=P433
https://nhpoj.net/problem/P432,https://nhpoj.net/status/8f3f42378c05a32f7fc9486211baece8?problem=P432
https://nhpoj.net/problem/P431,https://nhpoj.net/status/57eb6096cce30782674803b237c84e71?problem=P431
https://nhpoj.net/problem/P430,https://nhpoj.net/status/638867ca0be362575a8ee4830cefc478?problem=P430
https://nhpoj.net/problem/TSP,https://nhpoj.net/status/62b13d05e3bfd0873daaed9fc7e19722?problem=TSP
https://nhpoj.net/problem/P077,https://nhpoj.net/status/f5a08a0b2b9e5460a25bc6bf1ed050c1?problem=P077
https://nhpoj.net/problem/P078,https://nhpoj.net/status/3405147606529a7f3a23b6da850ac123?problem=P078
https://nhpoj.net/problem/EVACUATE,https://nhpoj.net/status/a2b1aac32a9b0602263dfc5f805e8e86?problem=EVACUATE
https://nhpoj.net/problem/P113,https://nhpoj.net/status/f6a4f637ff8166ddd83efe1568ddf029?problem=P113
https://nhpoj.net/problem/P425,https://nhpoj.net/status/d5117d4ed2266acb3365f284b5adce4e?problem=P425
https://nhpoj.net/problem/P424,https://nhpoj.net/status/5130a63a5f2106fb1e72c47788671e96?problem=P424
https://nhpoj.net/problem/LTD01_02,https://nhpoj.net/status/dcbbbd9c30aec2c2fe962a480ff0a97c?problem=LTD01_02
https://nhpoj.net/problem/P423,https://nhpoj.net/status/8693798facc6566ff8426f528b721574?problem=P423
https://nhpoj.net/problem/P422,https://nhpoj.net/status/55738cf4d9d5282aa68e942178c4d1c9?problem=P422
https://nhpoj.net/problem/P421,https://nhpoj.net/status/97893e4c6c00064fd0e47a566a05783f?problem=P421
https://nhpoj.net/problem/P420,https://nhpoj.net/status/179cde4e83d54ffb6731abefd4bc33dd?problem=P420
https://nhpoj.net/problem/P419,https://nhpoj.net/status/3f0c77278dd2de4419858903a2611833?problem=P419
https://nhpoj.net/problem/P402,https://nhpoj.net/status/da2f818fe1a16b8caac7288139699133?problem=P402
https://nhpoj.net/problem/P401,https://nhpoj.net/status/df25a7f05a06230cd2b0c48d96a7ebca?problem=P401
https://nhpoj.net/problem/P400,https://nhpoj.net/status/2d1197213be2d18f7863557521c3096b?problem=P400
https://nhpoj.net/problem/P415,https://nhpoj.net/status/1bfbf2f39e97323b35056164780946c9?problem=P415
https://nhpoj.net/problem/P410,https://nhpoj.net/status/1aaeafaab045a006a4aaf1b5fc4e432e?problem=P410
https://nhpoj.net/problem/VIETDA,https://nhpoj.net/status/b5bf28ea453fc4b48adca5fd616436a2?problem=VIETDA
https://nhpoj.net/problem/P408,https://nhpoj.net/status/57c0684c8b5a79b20ae67f35cd4cd993?problem=P408
https://nhpoj.net/problem/P178,https://nhpoj.net/status/ada6865515c803af5a9484e3c3937789?problem=P178
https://nhpoj.net/problem/P395,https://nhpoj.net/status/957c536e73156018e35b7223568a1a2f?problem=P395
https://nhpoj.net/problem/P393,https://nhpoj.net/status/5233dcdd9b9b59728980f1f126735079?problem=P393
https://nhpoj.net/problem/P394,https://nhpoj.net/status/7b0ed59cfb9227bbbab97596882e626a?problem=P394
https://nhpoj.net/problem/P386,https://nhpoj.net/status/41fd2da1cfe53f13731ad6d4576e17d4?problem=P386
https://nhpoj.net/problem/P392,https://nhpoj.net/status/ef094a2e91d37d0d5b8fae9e13778d53?problem=P392
https://nhpoj.net/problem/P387,https://nhpoj.net/status/8ccd1db7d93ecf9298bc007860af150e?problem=P387
https://nhpoj.net/problem/P391,https://nhpoj.net/status/a0bcb9af51b9bcfa02d8f5b595c23391?problem=P391
https://nhpoj.net/problem/P390,https://nhpoj.net/status/53f3793e350ca934ef8c1517d7e41a5d?problem=P390
https://nhpoj.net/problem/P377,https://nhpoj.net/status/92859067559877d16ec699891ddd913c?problem=P377
https://nhpoj.net/problem/P382,https://nhpoj.net/status/70d728270cd677b7bed822b37a4009af?problem=P382
https://nhpoj.net/problem/P383,https://nhpoj.net/status/b922bce599ee357eff16f0235d81b2ce?problem=P383
https://nhpoj.net/problem/P385,https://nhpoj.net/status/dcc6c74748ca838814cca31d6dfb0ca2?problem=P385
https://nhpoj.net/problem/P381,https://nhpoj.net/status/21a3dfe87eda1779562a9883e6cb1452?problem=P381
https://nhpoj.net/problem/P380,https://nhpoj.net/status/5bc131aa00af27ec7a57d97af2fadba2?problem=P380
https://nhpoj.net/problem/P378,https://nhpoj.net/status/b5749e4181e1fcb61c6038d59e0d46c6?problem=P378
https://nhpoj.net/problem/P379,https://nhpoj.net/status/976a24fd1579993d3171ec7945ff121e?problem=P379
https://nhpoj.net/problem/P374,https://nhpoj.net/status/e4b69c235e82b4a02296810fd79f787e?problem=P374
https://nhpoj.net/problem/P375,https://nhpoj.net/status/8668d9d7bf9a568c8023f3b6a0550bee?problem=P375
https://nhpoj.net/problem/P373,https://nhpoj.net/status/a061fc2172ccb35851af6bb4b34d22fe?problem=P373
https://nhpoj.net/problem/P345,https://nhpoj.net/status/dd46104d016827baa8f1c229ac64ef80?problem=P345
https://nhpoj.net/problem/P372,https://nhpoj.net/status/6bc688ea01463a88ec9ec87edd9f21ac?problem=P372
https://nhpoj.net/problem/P369,https://nhpoj.net/status/44ddeae5ab34f6cfceadd419ce7b99d9?problem=P369
https://nhpoj.net/problem/P368,https://nhpoj.net/status/f3decd455b328cdfb1c7ea206d565b77?problem=P368
https://nhpoj.net/problem/P001,https://nhpoj.net/status/8faea6ca878c583ad4db1c23a409850d?problem=P001
https://nhpoj.net/problem/P062,https://nhpoj.net/status/10ac7193346ff668c390c137d0c3fe0e?problem=P062
https://nhpoj.net/problem/P367,https://nhpoj.net/status/e4717316d2e8acfae478b18b47bf939b?problem=P367
https://nhpoj.net/problem/P366,https://nhpoj.net/status/ab6f488a38b0cbc840da73560725c3a6?problem=P366
https://nhpoj.net/problem/MST,https://nhpoj.net/status/131099db2f3b08becbc237f108448a0a?problem=MST
https://nhpoj.net/problem/P363,https://nhpoj.net/status/cc804ae8dbba99592ef9cd9a6c4e5b28?problem=P363
https://nhpoj.net/problem/P364,https://nhpoj.net/status/2b75ebbd68869204301105cfe994ea52?problem=P364
https://nhpoj.net/problem/P364,https://nhpoj.net/status/961a6706ac1753b46f1bc8731ab73668?problem=P364
https://nhpoj.net/problem/P350,https://nhpoj.net/status/918ca668e30ffc9d8d82dc619ff65656?problem=P350
https://nhpoj.net/problem/P362,https://nhpoj.net/status/8b5231dd447c65e355f74894fb333660?problem=P362
https://nhpoj.net/problem/P361,https://nhpoj.net/status/8fba3550fb6daccd06e97d9d3cc06561?problem=P361
https://nhpoj.net/problem/P354,https://nhpoj.net/status/454fb1b5f3ff4a4e9e67c6883aa33f85?problem=P354
https://nhpoj.net/problem/P349,https://nhpoj.net/status/7f4f1709e7a22bc080a0e07ed454d46c?problem=P349
https://nhpoj.net/problem/P348,https://nhpoj.net/status/2e8319154c658deb94e2be0a0ec1e480?problem=P348
https://nhpoj.net/problem/P346,https://nhpoj.net/status/72b945d27656c0e58c9b94e23c7f7756?problem=P346
https://nhpoj.net/problem/P022,https://nhpoj.net/status/32d60af209eb8928bd52288fb9c4e665?problem=P022
https://nhpoj.net/problem/P344,https://nhpoj.net/status/85e86020a6a2f1e3c52a02691f44d9f0?problem=P344
https://nhpoj.net/problem/P164,https://nhpoj.net/status/a35c8f886cce228953346dbceefbcd68?problem=P164
https://nhpoj.net/problem/P158,https://nhpoj.net/status/519979f571f9eb2320c1112f4a364c66?problem=P158
https://nhpoj.net/problem/P000,https://nhpoj.net/status/aa36ea658cdaf8376ea0271d992e39e1?problem=P000
https://nhpoj.net/problem/P013,https://nhpoj.net/status/3ae964600dad9aaad0f4d2ee54603e56?problem=P013
https://nhpoj.net/problem/THPN24B,https://nhpoj.net/status/d042586f62a1d7de15b277259d310444?problem=THPN24B
https://nhpoj.net/problem/THPN24A,https://nhpoj.net/status/5ca0fa022eb58c8aee0d15559a1a620e?problem=THPN24A
https://nhpoj.net/problem/P050,https://nhpoj.net/status/b24542cc6ad9944654233b47cb4676b5?problem=P050
https://nhpoj.net/problem/P007,https://nhpoj.net/status/e4e73bd9c5faca684860dd158a9e24da?problem=P007
https://nhpoj.net/problem/P125,https://nhpoj.net/status/1f775c4eaa4c8e6766feba9fef9bb6ff?problem=P125
https://nhpoj.net/problem/P174,https://nhpoj.net/status/7699e1e0e3b32a1430dba7f017ef164f?problem=P174
https://nhpoj.net/problem/P254,https://nhpoj.net/status/fc021a10611b580f80bf974704d9e2ab?problem=P254
https://nhpoj.net/problem/P039,https://nhpoj.net/status/b1ad54b10f302ba53c20cfcfe0386d8c?problem=P039
https://nhpoj.net/problem/P021,https://nhpoj.net/status/3aa566375705ec3c682065c0829b2044?problem=P021
https://nhpoj.net/problem/P064,https://nhpoj.net/status/1281c45ecbf47bf19175a792621601a3?problem=P064
https://nhpoj.net/problem/P085,https://nhpoj.net/status/a5d3d5c33d2fd5ab581eddda5136523a?problem=P085
https://nhpoj.net/problem/P061,https://nhpoj.net/status/e8ce9210fe3ac5bd457cfc26dcc3f475?problem=P061
https://nhpoj.net/problem/LTD02_01,https://nhpoj.net/status/ef2184299d006057331c30eddc7a5e83?problem=LTD02_01
https://nhpoj.net/problem/P341,https://nhpoj.net/status/7f0abcc6f56bd9e17101fde380a29f05?problem=P341
https://nhpoj.net/problem/P340,https://nhpoj.net/status/aa6bc8bb193bfd903f69625cfc7c1537?problem=P340
https://nhpoj.net/problem/P339,https://nhpoj.net/status/2da45f08c41fd585cb3416ce4a3651c3?problem=P339
https://nhpoj.net/problem/P338,https://nhpoj.net/status/291188a672137ff445b53ca90303864b?problem=P338
https://nhpoj.net/problem/P338,https://nhpoj.net/status/b8be2cc30be9498561d4788eeb7171a4?problem=P338
https://nhpoj.net/problem/P337,https://nhpoj.net/status/d3821b59dbe4b2521807496c5ef37c6d?problem=P337
https://nhpoj.net/problem/P317,https://nhpoj.net/status/c3c62262beb137d202afa1ec734e63f9?problem=P317
https://nhpoj.net/problem/LTD01_03,https://nhpoj.net/status/6f7830dd288e1e30bfa374f4af55478f?problem=LTD01_03
https://nhpoj.net/problem/LTD01_03,https://nhpoj.net/status/adafb1d6e662f0b0bfd1511ede235573?problem=LTD01_03
https://nhpoj.net/problem/P102,https://nhpoj.net/status/b6fb69b38d049c9cf8ce4d34631ba3b8?problem=P102
https://nhpoj.net/problem/TRUYVAN6,https://nhpoj.net/status/36fa2476e23699bc6a188c2277c70999?problem=TRUYVAN6
https://nhpoj.net/problem/P269,https://nhpoj.net/status/b0f9479508b65eb417cebb5dd5e9571d?problem=P269
https://nhpoj.net/problem/P269,https://nhpoj.net/status/246c5012c446b266cd35d4f440f411c6?problem=P269
https://nhpoj.net/problem/P276,https://nhpoj.net/status/6ab99ebe0724bad134b93d7801eb5dd5?problem=P276
https://nhpoj.net/problem/P335,https://nhpoj.net/status/7bc5f892b479b1b12d598fdb73037f5e?problem=P335
https://nhpoj.net/problem/P102,https://nhpoj.net/status/1298de1826423b98a0c50795f550da9f?problem=P102
https://nhpoj.net/problem/P008,https://nhpoj.net/status/242e8ec78bedd463dad769d3b96ec2ab?problem=P008
https://nhpoj.net/problem/P053,https://nhpoj.net/status/90155e2dacf875cb32170c7fca113c50?problem=P053
https://nhpoj.net/problem/P136,https://nhpoj.net/status/fd3a60595e6cf7505299f48e9bcda4bf?problem=P136
https://nhpoj.net/problem/THT24BD,https://nhpoj.net/status/10b812859659e2888244b81a4149b812?problem=THT24BD
https://nhpoj.net/problem/THT24BB,https://nhpoj.net/status/3a760da9f77070c828f085b42e1476d2?problem=THT24BB
https://nhpoj.net/problem/THT24BC,https://nhpoj.net/status/8fdfda7a87eb5681de43cbd11ccbd45c?problem=THT24BC
https://nhpoj.net/problem/THT24BA,https://nhpoj.net/status/6b7922bd9df9de75244411b0b4bb1990?problem=THT24BA
https://nhpoj.net/problem/P015,https://nhpoj.net/status/c1c24d451d4633544d4e4a8b1e1630c8?problem=P015
https://nhpoj.net/problem/DDNN,https://nhpoj.net/status/7fe07e642080f47620237e0632f2da6b?problem=DDNN
https://nhpoj.net/problem/P261,https://nhpoj.net/status/67a276cc09f7204995e88137cacb5b5f?problem=P261
https://nhpoj.net/problem/P308,https://nhpoj.net/status/c95129c8c67b62d6b38aaedcf077ec44?problem=P308
https://nhpoj.net/problem/P333,https://nhpoj.net/status/9690c21f7b09222c7cf65bbc4dd536a5?problem=P333
https://nhpoj.net/problem/P332,https://nhpoj.net/status/495b2b8a9a17b7511e0ffa484670d0a0?problem=P332
https://nhpoj.net/problem/P325,https://nhpoj.net/status/68a58c59b8d5b048545c0217557f7678?problem=P325
https://nhpoj.net/problem/P324,https://nhpoj.net/status/f57028e32d3c2adc79a39ce9f9758a95?problem=P324
https://nhpoj.net/problem/P323,https://nhpoj.net/status/e6656b7ff64f176a62e54e59423ac818?problem=P323
https://nhpoj.net/problem/P320,https://nhpoj.net/status/15ff2f5720df94ede648b58db4522ae7?problem=P320
https://nhpoj.net/problem/P319,https://nhpoj.net/status/b9a6d913b1125d110aa53d8cf333fa4f?problem=P319
https://nhpoj.net/problem/P318,https://nhpoj.net/status/65f5722739ddbd8dc1d0177608fe7df2?problem=P318
https://nhpoj.net/problem/THT23C2D,https://nhpoj.net/status/6b2e4c49ee86dd7595a64793f6e6a353?problem=THT23C2D
https://nhpoj.net/problem/THT23C2C,https://nhpoj.net/status/3b75eb23955a5bce56ae92c5b7eb3703?problem=THT23C2C
https://nhpoj.net/problem/THT23C2A,https://nhpoj.net/status/360e66289c6f86d5f6e84e393c1a762b?problem=THT23C2A
https://nhpoj.net/problem/THT23C2B,https://nhpoj.net/status/666d0fe1a54926b749a022bb34c3c7a9?problem=THT23C2B
https://nhpoj.net/problem/P316,https://nhpoj.net/status/9a775b492c1e1bcb2a8d6e632b16628d?problem=P316
https://nhpoj.net/problem/P076,https://nhpoj.net/status/3fb0020b607397acbc8ff9ecb40749c8?problem=P076
https://nhpoj.net/problem/LTD02_04,https://nhpoj.net/status/14449653ef6770ea40ded8a1cca7630c?problem=LTD02_04
https://nhpoj.net/problem/KMAI,https://nhpoj.net/status/71c38ce1454bbcba68e76770e5a5590d?problem=KMAI
https://nhpoj.net/problem/P315,https://nhpoj.net/status/37d0a8789f66b86e5f9ce7bfcf7e1d8f?problem=P315
https://nhpoj.net/problem/XEPTHAP,https://nhpoj.net/status/ec325bfa58a5ff5b2143ca6cbcba2a05?problem=XEPTHAP
https://nhpoj.net/problem/THTNK24D,https://nhpoj.net/status/3a580e5ff2f90fd7f4d5da7b05fd19bc?problem=THTNK24D
https://nhpoj.net/problem/THTNK24C,https://nhpoj.net/status/c0c01dc9702bdf45dd5ffe8e82cbc604?problem=THTNK24C
https://nhpoj.net/problem/TIMSO,https://nhpoj.net/status/b2938f059f121eb5d747df545de5278b?problem=TIMSO
https://nhpoj.net/problem/THTNK24B,https://nhpoj.net/status/393ec5fa8bdeb810d398dbaeaec0aa82?problem=THTNK24B
https://nhpoj.net/problem/THTNK24A,https://nhpoj.net/status/4ca1594135108489e842fb50f9c97162?problem=THTNK24A
https://nhpoj.net/problem/FIBN,https://nhpoj.net/status/26e6bb1f768e13af80288b83106cfc45?problem=FIBN
https://nhpoj.net/problem/P311,https://nhpoj.net/status/18703f2dde3cc18dd91a13f71b830895?problem=P311
https://nhpoj.net/problem/P314,https://nhpoj.net/status/6dae3831363a1c4a734d32785d26be31?problem=P314
https://nhpoj.net/problem/QUACAU,https://nhpoj.net/status/3cf9a874968c24a691d555e0d34d70b7?problem=QUACAU
https://nhpoj.net/problem/QUACAU,https://nhpoj.net/status/45799f9d070319080088ff0f717764b1?problem=QUACAU
https://nhpoj.net/problem/PTB2v2,https://nhpoj.net/status/1dd59fb235d6f1da10ee81f05af1877a?problem=PTB2v2
https://nhpoj.net/problem/P287,https://nhpoj.net/status/452cbd7f9f2f15b8631acf99a0ae5ea0?problem=P287
https://nhpoj.net/problem/T11B21_P02,https://nhpoj.net/status/99edffe210534b2c14be7f299199a0e4?problem=T11B21_P02
https://nhpoj.net/problem/P314,https://nhpoj.net/status/7f1d44fb79703f561599402f2857d994?problem=P314
https://nhpoj.net/problem/P313,https://nhpoj.net/status/4aba2b1884fb9941f35c276b21c43c22?problem=P313
https://nhpoj.net/problem/T11B27_P01,https://nhpoj.net/status/8bc3a8153e97bb8e42759a9cb38bb6ea?problem=T11B27_P01
https://nhpoj.net/problem/T11B27_P02,https://nhpoj.net/status/21a1f1133787fb53940615960887e03d?problem=T11B27_P02
https://nhpoj.net/problem/T11B26_P02,https://nhpoj.net/status/5bcd1f2e8b59ab50987fda5fec221b6d?problem=T11B26_P02
https://nhpoj.net/problem/T11B21_P01,https://nhpoj.net/status/3f2cc18ed67597cf7b0512228ce6aa07?problem=T11B21_P01
https://nhpoj.net/problem/TAPRR,https://nhpoj.net/status/9e895789aca0e0a16b5e71f66b3d0653?problem=TAPRR
https://nhpoj.net/problem/TPLT,https://nhpoj.net/status/67e5ebe01e3d81e630ad090c5d727817?problem=TPLT
https://nhpoj.net/problem/DUYETDT,https://nhpoj.net/status/5cac4c7f8773666add54ca36773a9b6d?problem=DUYETDT
https://nhpoj.net/problem/DUYETDT,https://nhpoj.net/status/27ea7b76ef2fab2485ca14f5f63667c5?problem=DUYETDT
https://nhpoj.net/problem/DUYETDT,https://nhpoj.net/status/7747e12335e887e08da47ba2aa6e95a7?problem=DUYETDT
https://nhpoj.net/problem/DUYETDT,https://nhpoj.net/status/11850dee5c7e1f7bddfc27b70885a05a?problem=DUYETDT
https://nhpoj.net/problem/P309,https://nhpoj.net/status/60b9195c4da06db3a93f0c0deb48f835?problem=P309
https://nhpoj.net/problem/P131,https://nhpoj.net/status/752c675e75b3e89b7a99ec639e114bf7?problem=P131
https://nhpoj.net/problem/P080,https://nhpoj.net/status/87ff09a17b4540af342d6c6e5cd2d35c?problem=P080
https://nhpoj.net/problem/P292,https://nhpoj.net/status/fbfd3b1ad73be78718431e4df6e1fcf0?problem=P292
https://nhpoj.net/problem/P304,https://nhpoj.net/status/ea0ca3d8ccca81ef486e04f389b7805c?problem=P304
https://nhpoj.net/problem/P303,https://nhpoj.net/status/e9e4cc222dd61e3f85a8466bcf301b2e?problem=P303
https://nhpoj.net/problem/FIBN,https://nhpoj.net/status/31b59349a29402dd7b0b659ccc0fb9d3?problem=FIBN
https://nhpoj.net/problem/O30416103,https://nhpoj.net/status/7b7044730c8ba73dff2e4670197d5032?problem=O30416103
https://nhpoj.net/problem/P296,https://nhpoj.net/status/afe33c30cd6b61e6692804cef850d64f?problem=P296
https://nhpoj.net/problem/ROBOT,https://nhpoj.net/status/ff4f4159bceea3b3a0bf42990c0d7b3e?problem=ROBOT
https://nhpoj.net/problem/P132,https://nhpoj.net/status/e460384db1a36c0e6b0280724da9650d?problem=P132
https://nhpoj.net/problem/P133,https://nhpoj.net/status/741b54387340812ff85e81436ccf1ec4?problem=P133
https://nhpoj.net/problem/P134,https://nhpoj.net/status/18608d773995873025c8f1bf88bce5e2?problem=P134
https://nhpoj.net/problem/P135,https://nhpoj.net/status/c1bca730316475e971377f5eb6b659d8?problem=P135
https://nhpoj.net/problem/P256,https://nhpoj.net/status/b50023d4e9523ce978660a00b786dd50?problem=P256
https://nhpoj.net/problem/P245,https://nhpoj.net/status/19d3f2a7704f217cdfc77c6eceff2404?problem=P245
https://nhpoj.net/problem/P245,https://nhpoj.net/status/2661c902484d92ec0419bf95d791c5d2?problem=P245
https://nhpoj.net/problem/P297,https://nhpoj.net/status/d23bee7e70cb661e8358818b2b6486fb?problem=P297
https://nhpoj.net/problem/P291,https://nhpoj.net/status/903754f51e302a64d364e4449d316607?problem=P291
https://nhpoj.net/problem/P295,https://nhpoj.net/status/2f87457040d3e4880f7dc553d9f39ca5?problem=P295
https://nhpoj.net/problem/P292,https://nhpoj.net/status/fde800e745741d827e20f8a2772d1d41?problem=P292
https://nhpoj.net/problem/P291,https://nhpoj.net/status/42600ddd819c05c6bc09d24df1c18f3e?problem=P291
https://nhpoj.net/problem/P026,https://nhpoj.net/status/e19ec793492434d1e0464137062ae607?problem=P026
https://nhpoj.net/problem/P286,https://nhpoj.net/status/e97a92ceb531d844870e160945c8f766?problem=P286
https://nhpoj.net/problem/P285,https://nhpoj.net/status/9fe5db0dbcc0e7a61319d6793f9db249?problem=P285
https://nhpoj.net/problem/P284,https://nhpoj.net/status/b5edaaf9d3f89593aee091d9ed982073?problem=P284
https://nhpoj.net/problem/P283,https://nhpoj.net/status/47a2f43669991e8087168c36013fbdd0?problem=P283
https://nhpoj.net/problem/P281,https://nhpoj.net/status/46575baa17a02c346cb400ecb000d838?problem=P281
https://nhpoj.net/problem/P280,https://nhpoj.net/status/89096a78cc6c61f5a1e92546e23a31ee?problem=P280
https://nhpoj.net/problem/P279,https://nhpoj.net/status/6e14077497b32a5c00d5e9cad50de519?problem=P279
https://nhpoj.net/problem/P278,https://nhpoj.net/status/53ff3d703f731a3d06c1a5be9bc21abc?problem=P278
https://nhpoj.net/problem/P282,https://nhpoj.net/status/cfade5755f7d6c0fe473a633c08767da?problem=P282
https://nhpoj.net/problem/P282,https://nhpoj.net/status/17143177eb9ead99ca4613e2ef184f40?problem=P282
https://nhpoj.net/problem/P282,https://nhpoj.net/status/21bcde48c212b3e1156683102293c628?problem=P282
https://nhpoj.net/problem/P282,https://nhpoj.net/status/20e453c3b252fa379c8f3424e105ae67?problem=P282
https://nhpoj.net/problem/P014,https://nhpoj.net/status/bdfeb3088db83b9493fc8480e27639d5?problem=P014
https://nhpoj.net/problem/P106,https://nhpoj.net/status/96e4899e58f0456529c661e221b8a109?problem=P106
https://nhpoj.net/problem/TIMDIEM,https://nhpoj.net/status/4a7b775185d333d27c67ef94cbff9c60?problem=TIMDIEM
https://nhpoj.net/problem/P277,https://nhpoj.net/status/364280684522a06588a847cb4bb8592d?problem=P277
https://nhpoj.net/problem/P066,https://nhpoj.net/status/952c76de1db57dcd50488534375c2034?problem=P066
https://nhpoj.net/problem/P066,https://nhpoj.net/status/30a498db69ccea634fd9397d0ab6a903?problem=P066
https://nhpoj.net/problem/P274,https://nhpoj.net/status/d3e8ecccc6da6f48c5f985acbac85c8b?problem=P274
https://nhpoj.net/problem/XOR,https://nhpoj.net/status/9d8208d6d79c34acc724832625c74f26?problem=XOR
https://nhpoj.net/problem/OR,https://nhpoj.net/status/59d9c56ead7884ca05e85ffafef4a043?problem=OR
https://nhpoj.net/problem/AND,https://nhpoj.net/status/ea83dc736ae38e56bfbc7f785978b620?problem=AND
https://nhpoj.net/problem/NOT,https://nhpoj.net/status/6fd43fd2d2daccef5b86d2f545c8f345?problem=NOT
https://nhpoj.net/problem/P273,https://nhpoj.net/status/40cb79ead8cf3aeee16bc029e333e001?problem=P273
https://nhpoj.net/problem/P194,https://nhpoj.net/status/ebd917985d6a23b4ae8cf627d9f2e031?problem=P194
https://nhpoj.net/problem/P037,https://nhpoj.net/status/40a7a69e14b69ee855821d3ade1b6c3d?problem=P037
https://nhpoj.net/problem/P161,https://nhpoj.net/status/5579370852cd362c3149d9b424f7b39d?problem=P161
https://nhpoj.net/problem/DCDXDN,https://nhpoj.net/status/c61982a9ee42269e4150db4700b1ae1a?problem=DCDXDN
https://nhpoj.net/problem/T11B19_P02,https://nhpoj.net/status/be14ac7aeb7522bb96b3ef7642a36fa8?problem=T11B19_P02
https://nhpoj.net/problem/T11B19_P01,https://nhpoj.net/status/60c7c90f991a50d66d14f768616bb725?problem=T11B19_P01
https://nhpoj.net/problem/P094,https://nhpoj.net/status/1e8897f8ff70fa6f52f1b90b106df77b?problem=P094
https://nhpoj.net/problem/P040,https://nhpoj.net/status/1c871cd641911e4fb16958ca7fa26b6f?problem=P040
https://nhpoj.net/problem/BOBA,https://nhpoj.net/status/94b23a9c9cd05a86b9b4b4247fed1ee7?problem=BOBA
https://nhpoj.net/problem/P041,https://nhpoj.net/status/c1b9bcd7d0654a76189e33fb95d392cb?problem=P041
https://nhpoj.net/problem/P260,https://nhpoj.net/status/62b212f0fb712e50a8b306a8b6fb902b?problem=P260
https://nhpoj.net/problem/P259,https://nhpoj.net/status/fc187a8f42f56d40f4237bcbe9c207dc?problem=P259
https://nhpoj.net/problem/P259,https://nhpoj.net/status/c65d3b2b681c8c307a6d8f0af35b5ca9?problem=P259
https://nhpoj.net/problem/P256,https://nhpoj.net/status/267bd9b137cadccbf744a1ee5dcf063d?problem=P256
https://nhpoj.net/problem/P248,https://nhpoj.net/status/acd9fc7c9a4291a8887a838c3689ecbe?problem=P248
https://nhpoj.net/problem/P247,https://nhpoj.net/status/b642dc4cfb8ba0d5ee1e0938958b5007?problem=P247
https://nhpoj.net/problem/P255,https://nhpoj.net/status/a784ceee72a802c1822a10f13e56daaa?problem=P255
https://nhpoj.net/problem/P250,https://nhpoj.net/status/5636d413df3bdea0d600a6c80aaf8427?problem=P250
https://nhpoj.net/problem/P079,https://nhpoj.net/status/3acc99602c1fdfc7335045ed47490aeb?problem=P079
https://nhpoj.net/problem/P249,https://nhpoj.net/status/c7f2b86d02445101cf346ea274f3be8a?problem=P249
https://nhpoj.net/problem/LCS,https://nhpoj.net/status/1ff01198f3a71bcaf75d2bec2126576f?problem=LCS
https://nhpoj.net/problem/P246,https://nhpoj.net/status/b0e4445d5807312ca61886d4f4caca03?problem=P246
https://nhpoj.net/problem/ATDP02,https://nhpoj.net/status/90397d5e802c3bb792043873a43261d4?problem=ATDP02
https://nhpoj.net/problem/ATDP02,https://nhpoj.net/status/a54f6b4854f29dd83541a609981579c7?problem=ATDP02
https://nhpoj.net/problem/ATDP01,https://nhpoj.net/status/646476241ebbea43b3d1f700e7d2211f?problem=ATDP01
https://nhpoj.net/problem/ATDP01,https://nhpoj.net/status/aa8db2776847cf7d3b6389d1b0d7fe3e?problem=ATDP01
https://nhpoj.net/problem/SANXUAT,https://nhpoj.net/status/ae8aa93cbab7b9beedd45afebdd8b3fe?problem=SANXUAT
https://nhpoj.net/problem/SANXUAT,https://nhpoj.net/status/fa5d5b4c783169339c24e59a886bcff3?problem=SANXUAT
https://nhpoj.net/problem/SANXUAT,https://nhpoj.net/status/57ded5d4bdf30a0c12eb13949420363e?problem=SANXUAT
https://nhpoj.net/problem/P243,https://nhpoj.net/status/376eae4297a25bbe83db779ec8645821?problem=P243
https://nhpoj.net/problem/SANXUAT,https://nhpoj.net/status/84b51fec32722559dcaa9994dfb256b7?problem=SANXUAT
https://nhpoj.net/problem/SANXUAT,https://nhpoj.net/status/bc3877e12a9df05bc958d3df6f5fc29e?problem=SANXUAT
https://nhpoj.net/problem/P242,https://nhpoj.net/status/8f74a4b3c1d628b669efc28ffea2baab?problem=P242
https://nhpoj.net/problem/P241,https://nhpoj.net/status/bedabbf5a1a693ff69b82e87836389b8?problem=P241
https://nhpoj.net/problem/P130,https://nhpoj.net/status/bdc0abe922aa47d10dc7545ccfd865f0?problem=P130
https://nhpoj.net/problem/P240,https://nhpoj.net/status/a426baf210bbae6c978815994138aedc?problem=P240
https://nhpoj.net/problem/P239,https://nhpoj.net/status/4d287422f12f1f87c361be979f89fdf0?problem=P239
https://nhpoj.net/problem/CATTHEP,https://nhpoj.net/status/b160079c8604836864c9bab9de776537?problem=CATTHEP
https://nhpoj.net/problem/CHIAQUA,https://nhpoj.net/status/51d2d2e9c896d374859ef2cf01021607?problem=CHIAQUA
https://nhpoj.net/problem/P214,https://nhpoj.net/status/17ee2ce2ab3cc8592b7b5ecae4bf5f5a?problem=P214
https://nhpoj.net/problem/P211,https://nhpoj.net/status/7ff7da5d8bc259d7bfa461eb303cce12?problem=P211
https://nhpoj.net/problem/P211,https://nhpoj.net/status/bd92980b4c8497f3f0996ff268b7f2e0?problem=P211
https://nhpoj.net/problem/P213,https://nhpoj.net/status/952935de4a5d756bc5f4e5c7c38712d8?problem=P213
https://nhpoj.net/problem/P212,https://nhpoj.net/status/10b9a047663015b28c62287758029297?problem=P212
https://nhpoj.net/problem/P209,https://nhpoj.net/status/ba294acf0f682652498be8d32079f399?problem=P209
https://nhpoj.net/problem/P018,https://nhpoj.net/status/2021ae93a203c807a793a8b047dceba7?problem=P018
https://nhpoj.net/problem/GIAITHUA,https://nhpoj.net/status/a22c036ea05ede65a3111e4606f13e50?problem=GIAITHUA
https://nhpoj.net/problem/TVCLB,https://nhpoj.net/status/ecc1524d5cfd65b228e9d8335bd9a50b?problem=TVCLB
https://nhpoj.net/problem/TVCLB,https://nhpoj.net/status/ed88b578d8605a42580fd8a6e3934ba7?problem=TVCLB
https://nhpoj.net/problem/GIAITHUA,https://nhpoj.net/status/8dc1200df70b6540ab4896f6455b1b66?problem=GIAITHUA
https://nhpoj.net/problem/P005,https://nhpoj.net/status/c42fbeedc50b163df8648bdc8f7cf77b?problem=P005
https://nhpoj.net/problem/P097,https://nhpoj.net/status/c7ca40467f2f13384b814c993a24328b?problem=P097
https://nhpoj.net/problem/BUFFALO,https://nhpoj.net/status/752feeef3ec6a7be831474084426a0e7?problem=BUFFALO
https://nhpoj.net/problem/FINDMIN,https://nhpoj.net/status/d8142cd4e06f1ed58d82a0052d51d9f4?problem=FINDMIN
https://nhpoj.net/problem/FINDMIN,https://nhpoj.net/status/4f2aaaa218d96eb1436fe80ead4c9a12?problem=FINDMIN
https://nhpoj.net/problem/P197,https://nhpoj.net/status/86bd88f31886f055fcef574ceadcbc2e?problem=P197
https://nhpoj.net/problem/P088,https://nhpoj.net/status/b151fb47584cebc4879d128b5681df94?problem=P088
https://nhpoj.net/problem/P193,https://nhpoj.net/status/b59a7d697e5e2f40a99ef8e341e84890?problem=P193
https://nhpoj.net/problem/BUFFALO,https://nhpoj.net/status/392ca0a4900d9f36a744917f302adcfe?problem=BUFFALO
https://nhpoj.net/problem/T1011702,https://nhpoj.net/status/166ad5772cad0502c41fe636dcf2be03?problem=T1011702
https://nhpoj.net/problem/T1011702,https://nhpoj.net/status/51d805c3ee1c482bdaece5f7ef58f7bd?problem=T1011702
https://nhpoj.net/problem/P018,https://nhpoj.net/status/5e72d6ef1fe6f81f4c369d4e94abca73?problem=P018
https://nhpoj.net/problem/P018,https://nhpoj.net/status/9e40895ee3d178264b8450bd7d9c2dbc?problem=P018
https://nhpoj.net/problem/P018,https://nhpoj.net/status/5b2200bc598558a9623aafa7417950ac?problem=P018
https://nhpoj.net/problem/P018,https://nhpoj.net/status/40cb683b4ca831938c84b1d3497f6a60?problem=P018
https://nhpoj.net/problem/P018,https://nhpoj.net/status/4b3456f736c0389039409a38bd50e548?problem=P018
https://nhpoj.net/problem/P018,https://nhpoj.net/status/26aba54300b5c22996838f0b6a6fcdf3?problem=P018
https://nhpoj.net/problem/P183,https://nhpoj.net/status/5545ebce542b0bf46a6a9d9eefad2646?problem=P183
https://nhpoj.net/problem/SUM2,https://nhpoj.net/status/fee2beca268b0751c6f06e2e10226041?problem=SUM2
https://nhpoj.net/problem/P180,https://nhpoj.net/status/f34e4b6159ca1f5f86a550d64c55ff55?problem=P180
https://nhpoj.net/problem/CAITUIK,https://nhpoj.net/status/3ce4c322e72a40c83ca0667a355cce68?problem=CAITUIK
https://nhpoj.net/problem/P145,https://nhpoj.net/status/9906d7ebab0852bc923eb5bb48367447?problem=P145
https://nhpoj.net/problem/P017,https://nhpoj.net/status/58555a7818ca3292f491b1c6b527a7f4?problem=P017
https://nhpoj.net/problem/P181,https://nhpoj.net/status/4edc6c678954826939a35d2a338f4942?problem=P181
https://nhpoj.net/problem/P033,https://nhpoj.net/status/7823f9e59691997311a0a34169b07e6b?problem=P033
https://nhpoj.net/problem/P175,https://nhpoj.net/status/1169e0395c02868e87b84b078e447e52?problem=P175
https://nhpoj.net/problem/P123,https://nhpoj.net/status/be5f4e3865e8d39ed07ca81942025092?problem=P123
https://nhpoj.net/problem/P167,https://nhpoj.net/status/d0f85785f4ddaa5e027be1b8279afc0e?problem=P167
https://nhpoj.net/problem/P167,https://nhpoj.net/status/116027f1a180fc3126f011bf138d2a7f?problem=P167
https://nhpoj.net/problem/P166,https://nhpoj.net/status/7d1b3c4ba18f9557d3c45d7390cf4971?problem=P166
https://nhpoj.net/problem/P159,https://nhpoj.net/status/876716ce171a2ff2935c6b778051a014?problem=P159
https://nhpoj.net/problem/P160,https://nhpoj.net/status/5e5dd1e885825fb455372224c6572389?problem=P160
https://nhpoj.net/problem/P037,https://nhpoj.net/status/5181e27180fce346e4927211c2866058?problem=P037
https://nhpoj.net/problem/LIS,https://nhpoj.net/status/e0bbeeee20678c28af4f0378cc7d109c?problem=LIS
https://nhpoj.net/problem/LIS,https://nhpoj.net/status/58e1ebcddd6760906d89095d6d6164f2?problem=LIS
https://nhpoj.net/problem/P103,https://nhpoj.net/status/c3c0b10237e8bf59cd4b01d1b6b8d878?problem=P103
https://nhpoj.net/problem/ABCXYZ,https://nhpoj.net/status/c46a39f462165fdbee74f1bc4263fefa?problem=ABCXYZ
https://nhpoj.net/problem/P071,https://nhpoj.net/status/a1001351cc08e743dc0e833d080bf3ca?problem=P071
https://nhpoj.net/problem/P138,https://nhpoj.net/status/25994655a90c3ed5816169594bc21452?problem=P138
https://nhpoj.net/problem/SQPRIME,https://nhpoj.net/status/6ec5486f896e98bac3b5a491012d6292?problem=SQPRIME
https://nhpoj.net/problem/P151,https://nhpoj.net/status/70788725e0bac9d1372196948afda531?problem=P151
https://nhpoj.net/problem/P151,https://nhpoj.net/status/45a1c6937d1462f40aa7f02fe3f4f6fb?problem=P151
https://nhpoj.net/problem/TRUYVAN5,https://nhpoj.net/status/2379adda05dbe14af5e16b6aa629c098?problem=TRUYVAN5
https://nhpoj.net/problem/P046,https://nhpoj.net/status/a8cec10d73fdc208e88b579098b94656?problem=P046
https://nhpoj.net/problem/P020,https://nhpoj.net/status/1fe317b47b8dfe2d956323736a1c77b9?problem=P020
https://nhpoj.net/problem/P152,https://nhpoj.net/status/e02c56a94f8161be5d56d39cebea1aae?problem=P152
https://nhpoj.net/problem/P060,https://nhpoj.net/status/471a3864a37e2d68e301e412504aca6b?problem=P060
https://nhpoj.net/problem/P006,https://nhpoj.net/status/e00f368a4994384c5ba2f36a8d6f71fd?problem=P006
https://nhpoj.net/problem/SUMS,https://nhpoj.net/status/1201ef4b1f5943470fcf96996eca18c3?problem=SUMS
https://nhpoj.net/problem/LIS,https://nhpoj.net/status/b277318a32e0a9726bb1ace99db95d61?problem=LIS
https://nhpoj.net/problem/LIS,https://nhpoj.net/status/c0b86a2c0e291ecdc86ab7f9ca149f94?problem=LIS
https://nhpoj.net/problem/P029,https://nhpoj.net/status/ffc193dc4a86aec12f4138b4ab0dcee8?problem=P029
https://nhpoj.net/problem/LTD01_01,https://nhpoj.net/status/22a646dbfc4c50246aa670983fcb34a9?problem=LTD01_01
https://nhpoj.net/problem/P154,https://nhpoj.net/status/fd3ea58ae50f0627a48df5016d456271?problem=P154
https://nhpoj.net/problem/P153,https://nhpoj.net/status/a2cf7c43983fa3e0f732a086bbefa485?problem=P153
https://nhpoj.net/problem/P075,https://nhpoj.net/status/dcc629c0cb8af23baec0f9d88cc427a8?problem=P075
https://nhpoj.net/problem/MAXSUM2D,https://nhpoj.net/status/12d83734521993dd59f73092f9099f31?problem=MAXSUM2D
https://nhpoj.net/problem/P140,https://nhpoj.net/status/12d7453bb11880514f0da0ef3fbdf8f8?problem=P140
https://nhpoj.net/problem/P153,https://nhpoj.net/status/f1d7e36842eb8305d289c58e94177a56?problem=P153
https://nhpoj.net/problem/P073,https://nhpoj.net/status/6adbb8bd04f09676786011912a0c1edb?problem=P073
https://nhpoj.net/problem/P075,https://nhpoj.net/status/63bcfd5ecf3a731eaae095c5c81c5ebf?problem=P075
https://nhpoj.net/problem/P045,https://nhpoj.net/status/8e34fefbf8e43b0b0dcbdf616bf7abe2?problem=P045
https://nhpoj.net/problem/ROBOT2,https://nhpoj.net/status/1365b233e6776c2438d3bb19c1014067?problem=ROBOT2
https://nhpoj.net/problem/P040,https://nhpoj.net/status/15719adda31c182b12bfb6042b9a231c?problem=P040
https://nhpoj.net/problem/FIREWOOD,https://nhpoj.net/status/2021adf74c27864fb4f77764455c5a0d?problem=FIREWOOD
https://nhpoj.net/problem/XEPDA,https://nhpoj.net/status/7c4ba8052102ac73f7ebd81354b22ee5?problem=XEPDA
https://nhpoj.net/problem/CLBA2LTT,https://nhpoj.net/status/dd882f64c5cfe041cbada4d616423720?problem=CLBA2LTT
https://nhpoj.net/problem/P114,https://nhpoj.net/status/4353ff2317e8e3e8f9e7a9b15f0fc1ac?problem=P114
https://nhpoj.net/problem/P149,https://nhpoj.net/status/d56bbcdc3d200e65aed722080ca8b503?problem=P149
https://nhpoj.net/problem/P150,https://nhpoj.net/status/d4a9add337a831e5caa21079bce11504?problem=P150
https://nhpoj.net/problem/P147,https://nhpoj.net/status/734f37e5fdb6d324e9a0dacb0534fe1f?problem=P147
https://nhpoj.net/problem/P148,https://nhpoj.net/status/c444d454e405b8866147b03d276cc204?problem=P148
https://nhpoj.net/problem/P146,https://nhpoj.net/status/a98e2f2794dc35c52acc268d321d3925?problem=P146
https://nhpoj.net/problem/P142,https://nhpoj.net/status/f6382395788d2695716d5de3929bdb43?problem=P142
https://nhpoj.net/problem/FINDMIN,https://nhpoj.net/status/1f846d5f70af59db59a95d1515b6b399?problem=FINDMIN
https://nhpoj.net/problem/ATDP02,https://nhpoj.net/status/7ec357c272f637b350048363fdeac478?problem=ATDP02
https://nhpoj.net/problem/ATDP01,https://nhpoj.net/status/d8ff3b34bbcc5726a9c1d66cbaff30c0?problem=ATDP01
https://nhpoj.net/problem/TRUYVAN7,https://nhpoj.net/status/5d788c7ddc143be63187522c8119b0df?problem=TRUYVAN7
https://nhpoj.net/problem/PHATQUA,https://nhpoj.net/status/6e510ff8e37ed66205521886c8533b9f?problem=PHATQUA
https://nhpoj.net/problem/P056,https://nhpoj.net/status/f521183410859f31ade64c8ff93d8cb5?problem=P056
https://nhpoj.net/problem/UCLN,https://nhpoj.net/status/ddf636896025a032d2cd813b205a0c61?problem=UCLN
https://nhpoj.net/problem/DEC2BIN,https://nhpoj.net/status/2adf889c0c7a9663e59ee512c991cc7d?problem=DEC2BIN
https://nhpoj.net/problem/P032,https://nhpoj.net/status/91b7be1b1135620ee8fead7859dab1bd?problem=P032
https://nhpoj.net/problem/INOUT3,https://nhpoj.net/status/b24c767738b938751444a75993a32d94?problem=INOUT3
https://nhpoj.net/problem/INOUT4,https://nhpoj.net/status/d6e7e4b6fa2a75620b88294d01e08918?problem=INOUT4
https://nhpoj.net/problem/INOUT5,https://nhpoj.net/status/191d775329ac6583b162930e858dcdaf?problem=INOUT5
https://nhpoj.net/problem/LIS2,https://nhpoj.net/status/f9d48e07991c7b7e63f99caede575ab2?problem=LIS2
https://nhpoj.net/problem/LIS2,https://nhpoj.net/status/9328b4668716204576aa9575ded3b2ed?problem=LIS2
https://nhpoj.net/problem/LIS,https://nhpoj.net/status/db550dcd825d423d04695ba07af20fcb?problem=LIS
https://nhpoj.net/problem/ATDP03,https://nhpoj.net/status/b1aebde850d7cd60c296b745011163a1?problem=ATDP03
https://nhpoj.net/problem/MAXSUM1D,https://nhpoj.net/status/aba1c2238b112dc557775680fcf3fb0a?problem=MAXSUM1D
https://nhpoj.net/problem/TRUYVAN5,https://nhpoj.net/status/5f56ef6e17398b3cfb228ec7d6514d99?problem=TRUYVAN5
https://nhpoj.net/problem/SWAPBOX,https://nhpoj.net/status/a13e7fc7f37115cf945ef8531f75897f?problem=SWAPBOX
https://nhpoj.net/problem/TACHXAU,https://nhpoj.net/status/d59096763690fc0dbbfd0e11350d9451?problem=TACHXAU
https://nhpoj.net/problem/NENBS,https://nhpoj.net/status/408b354440dd6dbade9e3062fca60894?problem=NENBS
https://nhpoj.net/problem/T1011701,https://nhpoj.net/status/d6261c35409950be415c2db9b1e10e0a?problem=T1011701
https://nhpoj.net/problem/CHIADOI,https://nhpoj.net/status/4610734b4253055c3ea476cb7e416203?problem=CHIADOI
https://nhpoj.net/problem/T1011702,https://nhpoj.net/status/7910e11867bcfffc48a8d051e4971e6b?problem=T1011702
https://nhpoj.net/problem/BRICKS,https://nhpoj.net/status/ca5d7f7d1e53978598f4b7f5003633e3?problem=BRICKS
https://nhpoj.net/problem/CHONDOI,https://nhpoj.net/status/8d2db028a6871a565b32df9f91a38491?problem=CHONDOI
https://nhpoj.net/problem/VIETPHAT,https://nhpoj.net/status/c1a2986c15ced41c6fd8d9ec8b24c231?problem=VIETPHAT
https://nhpoj.net/problem/P016,https://nhpoj.net/status/1645651622ef1d3917c925d3c5b4ffe8?problem=P016
https://nhpoj.net/problem/P016,https://nhpoj.net/status/813ebf8608ca441ec2219a7753ce09aa?problem=P016
https://nhpoj.net/problem/P141,https://nhpoj.net/status/ae96218328b6dc372228cb6c05cf3a0d?problem=P141
https://nhpoj.net/problem/P139,https://nhpoj.net/status/c970590073d1187cf0d26d2ee1c55681?problem=P139
https://nhpoj.net/problem/P137,https://nhpoj.net/status/9683db28b1ab5692956070f441b05e95?problem=P137
https://nhpoj.net/problem/P137,https://nhpoj.net/status/648149f90a98961e7370beb9689e9721?problem=P137
https://nhpoj.net/problem/ATDP01,https://nhpoj.net/status/25d9cf8fb029f6ef84c3f418bf77b208?problem=ATDP01
https://nhpoj.net/problem/P131,https://nhpoj.net/status/5de90413f8a49837f2acfc9eb60af2b9?problem=P131
https://nhpoj.net/problem/NENSO,https://nhpoj.net/status/8e8267db238a3b90cc9fa9955c775404?problem=NENSO
https://nhpoj.net/problem/TIMSONN,https://nhpoj.net/status/e5e2d8ac9574d4374078d27a1f850e8a?problem=TIMSONN
https://nhpoj.net/problem/P133,https://nhpoj.net/status/45e0963617f4007b869830bd9370050d?problem=P133
https://nhpoj.net/problem/P051,https://nhpoj.net/status/37b2fed92af4a0f684cbc6ff4dd61cb0?problem=P051
https://nhpoj.net/problem/P132,https://nhpoj.net/status/f094a047ca8fba259d91055f5f7daf1e?problem=P132
https://nhpoj.net/problem/P134,https://nhpoj.net/status/f7bbdd87b25702afd75824910bf95471?problem=P134
https://nhpoj.net/problem/P135,https://nhpoj.net/status/7fba4e40304d1d7e699f68cdc6fbd2d0?problem=P135
https://nhpoj.net/problem/SOUOC,https://nhpoj.net/status/18acbe76d0e8125ea657c643e559cadf?problem=SOUOC
https://nhpoj.net/problem/CLB,https://nhpoj.net/status/d01f6e817e50a0b3fd6ec71f47145c03?problem=CLB
https://nhpoj.net/problem/P129,https://nhpoj.net/status/1345fd90521c37539c74db5014389473?problem=P129
https://nhpoj.net/problem/NONINC,https://nhpoj.net/status/106083b05695abf68028e25392ac1bfa?problem=NONINC
https://nhpoj.net/problem/LKTH,https://nhpoj.net/status/9d6f42e5b713e40a8bddea8ffc36ad24?problem=LKTH
https://nhpoj.net/problem/LKTH,https://nhpoj.net/status/c5b3463797d640f054d37d36b82d9326?problem=LKTH
https://nhpoj.net/problem/LKTH,https://nhpoj.net/status/fc66a3a470b0dde954f1584698a7ea15?problem=LKTH
https://nhpoj.net/problem/P124,https://nhpoj.net/status/3045e7b2a1a029a7c22037c5c3db6ede?problem=P124
https://nhpoj.net/problem/P125,https://nhpoj.net/status/77efaf8b8fd450de31682ea3f2d6b9b1?problem=P125
https://nhpoj.net/problem/CLB,https://nhpoj.net/status/d61c288b100225391913754c7ee663fd?problem=CLB
https://nhpoj.net/problem/P122,https://nhpoj.net/status/a9dba2f6232e17f3c749c1f385fabf28?problem=P122
https://nhpoj.net/problem/P122,https://nhpoj.net/status/945d3b8503654614537c5e5c57a2fba9?problem=P122
https://nhpoj.net/problem/P120,https://nhpoj.net/status/c0e0f66bd49d768a10ee83eea743d093?problem=P120
https://nhpoj.net/problem/CHIAQUA,https://nhpoj.net/status/b79f664021066186d1c0ce0edf8b4cb3?problem=CHIAQUA
https://nhpoj.net/problem/P114,https://nhpoj.net/status/4e0ec637624bb15cc539e5476f23338f?problem=P114
https://nhpoj.net/problem/PHATKEO,https://nhpoj.net/status/4c01f72472c11ea418cfe8753331aba4?problem=PHATKEO
https://nhpoj.net/problem/ACMTEAM,https://nhpoj.net/status/7bab1861a11c9d3a5750ae3ae38a447e?problem=ACMTEAM
https://nhpoj.net/problem/ACMTEAM,https://nhpoj.net/status/ad8520c95a26e5d05e89452ba58e29b3?problem=ACMTEAM
https://nhpoj.net/problem/P105,https://nhpoj.net/status/fc9728931c19e7f54f9b4d42abec8f6f?problem=P105
https://nhpoj.net/problem/IFEL5,https://nhpoj.net/status/b300a6ad72674ec9e4a9d232849e7e64?problem=IFEL5
https://nhpoj.net/problem/P003,https://nhpoj.net/status/e222caebe9b86d6034aadabdedf85ef4?problem=P003
https://nhpoj.net/problem/HPTB1,https://nhpoj.net/status/3904ef6c1b35e1103864cae73de5cd74?problem=HPTB1
https://nhpoj.net/problem/PTB2,https://nhpoj.net/status/56b1431acdb9887ebc8db2836256aae7?problem=PTB2
https://nhpoj.net/problem/P107,https://nhpoj.net/status/301a02dcd040899ee8b0c3858f10f875?problem=P107
https://nhpoj.net/problem/P092,https://nhpoj.net/status/2904b92d4b9d6edf34008fadd83e9ef1?problem=P092
https://nhpoj.net/problem/P109,https://nhpoj.net/status/d79c0b2844030458020b7f8cef4128dc?problem=P109
https://nhpoj.net/problem/P109,https://nhpoj.net/status/320f30b3826ffd3ebf6a83978f57f391?problem=P109
https://nhpoj.net/problem/P108,https://nhpoj.net/status/92c615cfd2af0c38102b8f6ad64417a9?problem=P108
https://nhpoj.net/problem/P108,https://nhpoj.net/status/be533482b394b9dd0e46c8c8fe4d3bf0?problem=P108
https://nhpoj.net/problem/P057,https://nhpoj.net/status/f70be18201261cb8ea2e7942d5f83ca4?problem=P057
https://nhpoj.net/problem/P041,https://nhpoj.net/status/8fcead6e7c41dc3281a5adc4a44144a6?problem=P041
https://nhpoj.net/problem/FIB,https://nhpoj.net/status/39074ce7ae2fe40057f3feac4ff83c08?problem=FIB
https://nhpoj.net/problem/P104,https://nhpoj.net/status/45288eaf7d37a2f6245d9c34384c2ac5?problem=P104
https://nhpoj.net/problem/P104,https://nhpoj.net/status/ec604a87815f9206c76d53298245ac63?problem=P104
https://nhpoj.net/problem/NENSO,https://nhpoj.net/status/ff964d381a6389c1601fad2b52c1abcb?problem=NENSO
https://nhpoj.net/problem/P099,https://nhpoj.net/status/48a9328bb7208be6940e0cc624dff845?problem=P099
https://nhpoj.net/problem/P055,https://nhpoj.net/status/5c13eb8b417aafb4b9820ec760755a0b?problem=P055
https://nhpoj.net/problem/P097,https://nhpoj.net/status/d81ee3287d08ecaf53a6a483ed67c866?problem=P097
https://nhpoj.net/problem/P098,https://nhpoj.net/status/b648a625b7428835528ff42f5f7208b9?problem=P098
https://nhpoj.net/problem/P100,https://nhpoj.net/status/227cba7154000a6d1ba693ba47cc8d27?problem=P100
https://nhpoj.net/problem/P100,https://nhpoj.net/status/9097ae3e459d3c806757e21e68b6c7d2?problem=P100
https://nhpoj.net/problem/P099,https://nhpoj.net/status/c0259caeef564c7fbe74a6ab3047ca51?problem=P099
https://nhpoj.net/problem/SAPXEP,https://nhpoj.net/status/fc9fc83ef04946dad7185467d97fbf49?problem=SAPXEP
https://nhpoj.net/problem/SAPXEP,https://nhpoj.net/status/673d29bac4977f5963f97cbe7306bfa6?problem=SAPXEP
https://nhpoj.net/problem/SAPXEP,https://nhpoj.net/status/95cd298afed663c4ff85c6b89615cade?problem=SAPXEP
https://nhpoj.net/problem/SAPXEP,https://nhpoj.net/status/ef7762a48aaed7cc2a081afeaf6a1fdd?problem=SAPXEP
https://nhpoj.net/problem/P005,https://nhpoj.net/status/c777f72acfebc9d3f2679b9703d4634f?problem=P005
https://nhpoj.net/problem/CNT,https://nhpoj.net/status/d229ff9a858f01480ad2de5c0897cfb5?problem=CNT
https://nhpoj.net/problem/P091,https://nhpoj.net/status/f7492340e77f8c3089528529e586674b?problem=P091
https://nhpoj.net/problem/P091,https://nhpoj.net/status/4fe1e45bb025130537e223105f0dce9c?problem=P091
https://nhpoj.net/problem/STR2,https://nhpoj.net/status/30e8883970532c9751033520fbe443e8?problem=STR2
https://nhpoj.net/problem/P091,https://nhpoj.net/status/ed8a8ba11f1dcf2746dfbbff736f8c5d?problem=P091
https://nhpoj.net/problem/P091,https://nhpoj.net/status/f906bd5f4acfe32de5d3eafbd51b03a7?problem=P091
https://nhpoj.net/problem/P089,https://nhpoj.net/status/c4c63208187e66a8ad2ca5744d96b14a?problem=P089
https://nhpoj.net/problem/P090,https://nhpoj.net/status/79539b79427ee063024f968ecda79cb8?problem=P090
https://nhpoj.net/problem/P088,https://nhpoj.net/status/856f0f18918754b5e5ee7b33705f5d32?problem=P088
https://nhpoj.net/problem/P087,https://nhpoj.net/status/5f64963604b93e1d230885a0553b4e9a?problem=P087
https://nhpoj.net/problem/FUNPRB,https://nhpoj.net/status/34bc960b066f30c2f32e20c8b8259c51?problem=FUNPRB
https://nhpoj.net/problem/BUYING,https://nhpoj.net/status/aeef29f21a4fa9361ec391237a0e02d2?problem=BUYING
https://nhpoj.net/problem/SUM,https://nhpoj.net/status/b85ea19d4f33ab283e25f4eb82190b8c?problem=SUM
https://nhpoj.net/problem/P004,https://nhpoj.net/status/5934fd13585512e9eaa25a58eb212f83?problem=P004
https://nhpoj.net/problem/HELLO,https://nhpoj.net/status/c79cdbc5f98479730ff4527255a454b8?problem=HELLO
https://nhpoj.net/problem/P000,https://nhpoj.net/status/f30dc5b6f0f64c0ae6a5308d3333e813?problem=P000
https://nhpoj.net/problem/P052,https://nhpoj.net/status/85f671e18a2ffd32b0f8f574c95c73ac?problem=P052
https://nhpoj.net/problem/SOLEHT,https://nhpoj.net/status/a943f46428dcc31a6529d85214889ed0?problem=SOLEHT
https://nhpoj.net/problem/TIETKIEM,https://nhpoj.net/status/d3b249184c41f3e07ee96ff8569ca89e?problem=TIETKIEM
https://nhpoj.net/problem/TIETKIEM,https://nhpoj.net/status/d7d9a56a8e2ec26e7637c521a88f6ce2?problem=TIETKIEM
https://nhpoj.net/problem/TIETKIEM,https://nhpoj.net/status/f2259ce19b1616b1af92d72632bad4da?problem=TIETKIEM
https://nhpoj.net/problem/DATHUC,https://nhpoj.net/status/8838758aab63e6caf5efd8abc66fae81?problem=DATHUC
https://nhpoj.net/problem/LAPDAT,https://nhpoj.net/status/cb284dd403a9520802a86357d2f75da7?problem=LAPDAT
https://nhpoj.net/problem/SOLEHT,https://nhpoj.net/status/7644d14e47ba87137f44f6d5e2385321?problem=SOLEHT
https://nhpoj.net/problem/SOLEHT,https://nhpoj.net/status/af22444a3cfbff6f8fe904c66929209b?problem=SOLEHT
https://nhpoj.net/problem/STR1,https://nhpoj.net/status/94e003370e74d3cb460235551029cac5?problem=STR1
https://nhpoj.net/problem/AVG,https://nhpoj.net/status/78dd568ca16b7d8d493cb4b9d5cd1635?problem=AVG
https://nhpoj.net/problem/GIAITHUA,https://nhpoj.net/status/5e2af3a907ede975b290aea533e21519?problem=GIAITHUA
https://nhpoj.net/problem/SALARY2,https://nhpoj.net/status/9c82e455ef63b1436cb87fd4bab14e6c?problem=SALARY2
https://nhpoj.net/problem/SALARY1,https://nhpoj.net/status/dcea0e980a317cdd73849fbbaf65e6be?problem=SALARY1
https://nhpoj.net/problem/CD,https://nhpoj.net/status/6536ca8574522560a2c21ac9c07ab334?problem=CD
https://nhpoj.net/problem/BUFFALO,https://nhpoj.net/status/8f855de6f0758aa6d875679b8775a2c6?problem=BUFFALO
https://nhpoj.net/problem/BUFFALO,https://nhpoj.net/status/4dfeea094fccd1d40cd159c754cbdc1d?problem=BUFFALO
https://nhpoj.net/problem/CVDTHCN,https://nhpoj.net/status/a158b13cfa5a7124dad9cff09a2c17d1?problem=CVDTHCN
https://nhpoj.net/problem/MOD5,https://nhpoj.net/status/b9ef60e3ad807eda873c2a6746726e96?problem=MOD5
https://nhpoj.net/problem/FINDMIN,https://nhpoj.net/status/2455ac7358151d125450147326d532b4?problem=FINDMIN
https://nhpoj.net/problem/FINDMIN,https://nhpoj.net/status/6db35d2faae6f388dfa459acd739787a?problem=FINDMIN
https://nhpoj.net/problem/FINDMAX,https://nhpoj.net/status/1e80d85f8beb44d4ac1fd320ff84e192?problem=FINDMAX
https://nhpoj.net/problem/SAPXEP,https://nhpoj.net/status/b3c48c20fcdc2a2fa1a0b9cc0fa46641?problem=SAPXEP
https://nhpoj.net/problem/TONG2,https://nhpoj.net/status/594d607e54d5c841b88fca368c6d81e1?problem=TONG2
https://nhpoj.net/problem/TONG1,https://nhpoj.net/status/a2accc7011bef46ba5e0fa0e523d3605?problem=TONG1
https://nhpoj.net/problem/TONG1,https://nhpoj.net/status/5d19f668f1c2ad78e5cb4ca06326d069?problem=TONG1
https://nhpoj.net/problem/TONG3,https://nhpoj.net/status/7d23c7f2ea845c22e16909d7dfbf841b?problem=TONG3
https://nhpoj.net/problem/TONG3,https://nhpoj.net/status/e9b9e05b4c4843390181b78e52b67428?problem=TONG3
https://nhpoj.net/problem/P072,https://nhpoj.net/status/f7e2d2774aba4d1ce3dad903ec1e8c2d?problem=P072
https://nhpoj.net/problem/FINDMIN,https://nhpoj.net/status/82f9782312881f43dfbe23e574176ef1?problem=FINDMIN
https://nhpoj.net/problem/SAPXEP,https://nhpoj.net/status/547969b7049edbed966c347c8d5d06de?problem=SAPXEP
https://nhpoj.net/problem/BUFFALO,https://nhpoj.net/status/a5c6caa23aa9d4e0e24da26e5cbb95b4?problem=BUFFALO
https://nhpoj.net/problem/P072,https://nhpoj.net/status/b2b028ce40e7feb4a57a14efa671fa54?problem=P072
https://nhpoj.net/problem/XEPTHAP,https://nhpoj.net/status/9efc92878be12f6bd9866b000117b3a7?problem=XEPTHAP
https://nhpoj.net/problem/HCN,https://nhpoj.net/status/3b297e15a576de28687594ea4240983e?problem=HCN
https://nhpoj.net/problem/MUAHANG,https://nhpoj.net/status/ccbc9c2557a1ea26d2cd126ebdee8b56?problem=MUAHANG
https://nhpoj.net/problem/TGLB,https://nhpoj.net/status/adb4067daaed8176daf61e0e4c56ace1?problem=TGLB
https://nhpoj.net/problem/TONGBP,https://nhpoj.net/status/e9d013dec046ddf5e3e05e83620a6c70?problem=TONGBP
https://nhpoj.net/problem/ROBOT,https://nhpoj.net/status/93ca073b1c1058567cc4c5426f0823e8?problem=ROBOT
https://nhpoj.net/problem/TGLB,https://nhpoj.net/status/8134a6bf9ca2a5a4766807c282e8eb55?problem=TGLB
https://nhpoj.net/problem/TONG,https://nhpoj.net/status/e690cff0aa95b44913daf1427c3d79ca?problem=TONG
https://nhpoj.net/problem/VETG6,https://nhpoj.net/status/d5361b19789496b5106111636cb4966f?problem=VETG6
https://nhpoj.net/problem/VETG5,https://nhpoj.net/status/2a6de25a8fd6c199fa918acef2c5721d?problem=VETG5
https://nhpoj.net/problem/VETG4,https://nhpoj.net/status/a41d5224b3288c3fe2061b7ab38fbe21?problem=VETG4
https://nhpoj.net/problem/VETG3,https://nhpoj.net/status/bd50d81ed613edaafbd4d2adec11dbf5?problem=VETG3
https://nhpoj.net/problem/VETG2,https://nhpoj.net/status/799795704dd3857e62c0344decfd0602?problem=VETG2
https://nhpoj.net/problem/VETG2,https://nhpoj.net/status/b89a4b6166c257543e91a893752f13e7?problem=VETG2
https://nhpoj.net/problem/VETG1,https://nhpoj.net/status/1a1759d589f8c715ab41b1f60ab8ae55?problem=VETG1
https://nhpoj.net/problem/VEHCN2,https://nhpoj.net/status/2228e16c02ee46253fa7e2d969f2d1cf?problem=VEHCN2
https://nhpoj.net/problem/VEHCN1,https://nhpoj.net/status/65bedf96e5e5ae31b4c58267d9f54135?problem=VEHCN1
https://nhpoj.net/problem/P018,https://nhpoj.net/status/e25c7fabc2fd86630017cfd55226c755?problem=P018
https://nhpoj.net/problem/OCSEN,https://nhpoj.net/status/9f9931fe4ebb3616b4313538d30798c6?problem=OCSEN
